hours,failure_mode,status
2.0,E,1.0
28.0,E,1.0
67.0,censored,0.0
119.0,E,1.0
179.0,censored,0.0
236.0,E,1.0
282.0,E,1.0
317.0,D,1.0
348.0,D,1.0
387.0,D,1.0
3.0,E,1.0
31.0,E,1.0
69.0,E,1.0
135.0,censored,0.0
191.0,D,1.0
241.0,censored,0.0
284.0,D,1.0
318.0,D,1.0
348.0,censored,0.0
392.0,D,1.0
5.0,E,1.0
31.0,censored,0.0
76.0,E,1.0
144.0,E,1.0
203.0,D,1.0
257.0,censored,0.0
286.0,D,1.0
320.0,D,1.0
350.0,D,1.0
412.0,D,1.0
8.0,E,1.0
52.0,censored,0.0
78.0,censored,0.0
157.0,censored,0.0
211.0,D,1.0
261.0,D,1.0
298.0,D,1.0
327.0,D,1.0
360.0,D,1.0
446.0,D,1.0
13.0,censored,0.0
53.0,censored,0.0
104.0,E,1.0
160.0,E,1.0
221.0,E,1.0
264.0,D,1.0
303.0,E,1.0
328.0,D,1.0
369.0,D,1.0
21.0,E,1.0
64.0,E,1.0
113.0,censored,0.0
168.0,D,1.0
226.0,D,1.0
278.0,D,1.0
314.0,D,1.0
328.0,D,1.0
377.0,D,1.0
